Name,Phone,Email,Company,Address,Website
Year,1064918508080000,sales@faradayozone.com,Faraday Ozone Products Private Limited,106/4A Revenue Nagar. Phone -: +91 85080 80000,Not found
RADAY,1064918508080000,sales@faradayozone.com,Faraday Ozone Products Private Limited,"106/4A Revenue Nagar, Phone : +91 85080 80000",www.faradayozone.com
ADAY,918508080000,sales@faradayozone.com,Faraday Ozone Products Private Limited,106/4A Revenue Nagar.,www.faradayozone.com
sales manager,1064918508080000,sales@faradayozone.com,Faraday Ozone Products Private Limited,106/4A Revenue Nagar. | Phone - +91 85080 80000,www.faradayozone.com
FARADAY,1064918508080000,sales@faradayozone.com,Faraday Ozone Products Private Limited,106/4A Revenue Nagar. | Phone = +9185080 80000,Not found
salesman ,python3 main.py,sales@faradayozone.com,Faraday Ozone Products Private Limited,106/4A Revenue Nagar. Phone +91 85080 80000,www.faradayozone.com
salesman,918508080000,sales@faradayozone.com,Faraday Ozone Products Private Limited,106/4A Revenue Nagar,www.faradayozone.com
(FARADAY,918508080000,salos@dtaradayorone.com,Faraday Ozone Products Private Limited,106/44 Revenue Nagar,www.faradayozone.com
sales manager,1064918508080000,sales@faradayozone.com,Faraday Ozone Products Private Limited,106/4A Revenue Nagar,www.faradayozone.com
salesman,1064918508080000,sales@faradayozone.com,Faraday Ozone Products Private Limited,106/4A Revenue Nagar. Phone : +91 85080 80000,www.faradayozone.com
33AACCE3918M17,1064185080000,Not found,Faraday Ozone Products Private Limited,106/4A Revenue 1 85080 se000,Not found
Years of,Not found,Not found,Faraday Ozone Products Private Limited,106/4A Revenue Nagar,Not found
GSTNo ; 33AACCF3918M1ZK,4918508089000,sates@taradsyoxzone.com,Faraday Ozone Products Private Limited,"LOG/4A Revenue Nagar, Prone . +91 85080 89000",Not found
"Saravenampatt, Coimbatore 641035,",106849185080,Sales@faradayozone.com,Faraday Ozone Praducts Private Limited,"1068/4 Revenue Nagar, > #91 85080 angag",Not found
WUEAA Rewonue Nagar. | pnone - +91:85080 e00G0,9185080000,Not found,Faraday Ozone Products Private Limited,Not found,Not found
